model,accuracy,precision,recall,f1,roc_auc,true_negatives,false_positives,false_negatives,true_positives
logistic_regression,0.9768518518518519,0.9749449019835286,0.9808612440191388,0.9778941244909831,0.9969196892435015,7631,216,164,8405
random_forest,0.9578460038986355,0.9397119571285029,0.9822616407982262,0.9605158050895812,0.9917202306338864,7307,540,152,8417
naive_bayes,0.8806652046783626,0.860178727114211,0.9211109814447427,0.8896027049873204,0.9429744463875231,6564,1283,676,7893
hist_gradient_boosting,0.9780092592592593,0.9677456120355596,0.9908974209359318,0.9791846854638759,0.997464974576576,7564,283,78,8491
